<?xml version="1.0" encoding="utf-8" ?>
<dwsync>
<file name="icon_folder.png" server="C:/xampp/htdocs/156/" local="129251749820000000" remote="129251749820000000" />
<file name="icon_file.png" server="C:/xampp/htdocs/156/" local="129251749820000000" remote="129251749820000000" />
<file name="icon_download.png" server="C:/xampp/htdocs/156/" local="129251749820000000" remote="129251749820000000" />
<file name="icon_external.png" server="C:/xampp/htdocs/156/" local="129251749820000000" remote="129251749820000000" />
<file name="list_arrow.png" server="C:/xampp/htdocs/156/" local="129251749820000000" remote="129251749820000000" />
<file name="list_checkbox.png" server="C:/xampp/htdocs/156/" local="129251749820000000" remote="129251749820000000" />
<file name="list_check.png" server="C:/xampp/htdocs/156/" local="129251749820000000" remote="129251749820000000" />
<file name="list_star.png" server="C:/xampp/htdocs/156/" local="129251749820000000" remote="129251749820000000" />
<file name="list_links.png" server="C:/xampp/htdocs/156/" local="129251749820000000" remote="129251749820000000" />
<file name="list_big.png" server="C:/xampp/htdocs/156/" local="129251749820000000" remote="129251749820000000" />
<file name="list_disc.png" server="C:/xampp/htdocs/156/" local="129251749820000000" remote="129251749820000000" />
<file name="line_dotted.png" server="C:/xampp/htdocs/156/" local="129251749820000000" remote="129251749820000000" />
<file name="box_info.png" server="C:/xampp/htdocs/156/" local="129251749820000000" remote="129251749820000000" />
<file name="box_alert.png" server="C:/xampp/htdocs/156/" local="129251749820000000" remote="129251749820000000" />
<file name="box_download.png" server="C:/xampp/htdocs/156/" local="129251749820000000" remote="129251749820000000" />
<file name="box_tip.png" server="C:/xampp/htdocs/156/" local="129251749820000000" remote="129251749820000000" />
<file name="blockquote_start.png" server="C:/xampp/htdocs/156/" local="129251749820000000" remote="129251749820000000" />
<file name="blockquote_end.png" server="C:/xampp/htdocs/156/" local="129251749820000000" remote="129251749820000000" />
</dwsync>