<?xml version="1.0" encoding="utf-8" ?>
<dwsync>
<file name="pdf_button.png" server="C:/xampp/htdocs/156/" local="129251749820000000" remote="129251749820000000" />
<file name="page_bg.png" server="C:/xampp/htdocs/156/" local="129251749820000000" remote="129251749820000000" />
<file name="page_bg_img.jpg" server="C:/xampp/htdocs/156/" local="129251749820000000" remote="129251749820000000" />
<file name="breadcrumbs.png" server="C:/xampp/htdocs/156/" local="129251749820000000" remote="129251749820000000" />
<file name="wrapper_corners.png" server="C:/xampp/htdocs/156/" local="129251749840000000" remote="129251749840000000" />
<file name="topmenu_item_bg.png" server="C:/xampp/htdocs/156/" local="129251749820000000" remote="129251749820000000" />
<file name="menubar_bg.png" server="C:/xampp/htdocs/156/" local="129251749820000000" remote="129251749820000000" />
<file name="footer_anchor.png" server="C:/xampp/htdocs/156/" local="129251749820000000" remote="129251749820000000" />
<file name="footermenu_item_bg.png" server="C:/xampp/htdocs/156/" local="129251749820000000" remote="129251749820000000" />
<file name="menu_level1_item.png" server="C:/xampp/htdocs/156/" local="129251749820000000" remote="129251749820000000" />
<file name="menu_dropdown_edges.png" server="C:/xampp/htdocs/156/" local="129251749820000000" remote="129251749820000000" />
<file name="menu_dropdown_corners.png" server="C:/xampp/htdocs/156/" local="129251749820000000" remote="129251749820000000" />
<file name="menu_level2_line_v.png" server="C:/xampp/htdocs/156/" local="129251749820000000" remote="129251749820000000" />
<file name="menu_level2_item.png" server="C:/xampp/htdocs/156/" local="129251749820000000" remote="129251749820000000" />
<file name="menu_level3_item.png" server="C:/xampp/htdocs/156/" local="129251749820000000" remote="129251749820000000" />
<file name="submenu_level1_item.png" server="C:/xampp/htdocs/156/" local="129251749820000000" remote="129251749820000000" />
<file name="submenu_level1_parent.png" server="C:/xampp/htdocs/156/" local="129251749820000000" remote="129251749820000000" />
<file name="submenu_level2_item.png" server="C:/xampp/htdocs/156/" local="129251749820000000" remote="129251749820000000" />
<file name="module_badges.png" server="C:/xampp/htdocs/156/" local="129251749820000000" remote="129251749820000000" />
<file name="module_icons.png" server="C:/xampp/htdocs/156/" local="129251749820000000" remote="129251749820000000" />
<file name="module_glow_line_h.png" server="C:/xampp/htdocs/156/" local="129251749820000000" remote="129251749820000000" />
<file name="module_glow_line_v.png" server="C:/xampp/htdocs/156/" local="129251749820000000" remote="129251749820000000" />
<file name="module_glow_bg.png" server="C:/xampp/htdocs/156/" local="129251749820000000" remote="129251749820000000" />
<file name="module_glow_templatecolor_line_h.png" server="C:/xampp/htdocs/156/" local="129251749820000000" remote="129251749820000000" />
<file name="module_glow_templatecolor_line_v.png" server="C:/xampp/htdocs/156/" local="129251749820000000" remote="129251749820000000" />
<file name="module_glow_templatecolor_bg.png" server="C:/xampp/htdocs/156/" local="129251749820000000" remote="129251749820000000" />
<file name="module_glass_bg.png" server="C:/xampp/htdocs/156/" local="129251749820000000" remote="129251749820000000" />
<file name="module_glass_line_h.png" server="C:/xampp/htdocs/156/" local="129251749820000000" remote="129251749820000000" />
<file name="module_glass_line_v.png" server="C:/xampp/htdocs/156/" local="129251749820000000" remote="129251749820000000" />
<file name="module_embedded_bg.png" server="C:/xampp/htdocs/156/" local="129251749820000000" remote="129251749820000000" />
<file name="module_embedded_shadow.png" server="C:/xampp/htdocs/156/" local="129251749820000000" remote="129251749820000000" />
<file name="module_box_dark_bg.png" server="C:/xampp/htdocs/156/" local="129251749820000000" remote="129251749820000000" />
<file name="module_line.png" server="C:/xampp/htdocs/156/" local="129251749820000000" remote="129251749820000000" />
<file name="module_polaroid_tape.png" server="C:/xampp/htdocs/156/" local="129251749820000000" remote="129251749820000000" />
<file name="module_polaroid_bg.png" server="C:/xampp/htdocs/156/" local="129251749820000000" remote="129251749820000000" />
<file name="module_polaroid_shadows.png" server="C:/xampp/htdocs/156/" local="129251749820000000" remote="129251749820000000" />
<file name="module_postit_shadows.png" server="C:/xampp/htdocs/156/" local="129251749820000000" remote="129251749820000000" />
<file name="readmore.png" server="C:/xampp/htdocs/156/" local="129251749820000000" remote="129251749820000000" />
</dwsync>