<?xml version="1.0" encoding="utf-8" ?>
<dwsync>
<file name="scrollarea_l.png" server="C:/xampp/htdocs/156/" local="129251749840000000" remote="129251749840000000" />
<file name="scrollarea_r.png" server="C:/xampp/htdocs/156/" local="129251749840000000" remote="129251749840000000" />
<file name="scrollarea_m.png" server="C:/xampp/htdocs/156/" local="129251749840000000" remote="129251749840000000" />
<file name="scroll_back.png" server="C:/xampp/htdocs/156/" local="129251749840000000" remote="129251749840000000" />
<file name="scroll_forward.png" server="C:/xampp/htdocs/156/" local="129251749840000000" remote="129251749840000000" />
<file name="scrollknob_l.png" server="C:/xampp/htdocs/156/" local="129251749840000000" remote="129251749840000000" />
<file name="scrollknob_r.png" server="C:/xampp/htdocs/156/" local="129251749840000000" remote="129251749840000000" />
<file name="scrollknob_m.png" server="C:/xampp/htdocs/156/" local="129251749840000000" remote="129251749840000000" />
</dwsync>