<?xml version="1.0" encoding="utf-8"?>
<install version="1.5" type="plugin" group="xmlrpc">
	<name>XML-RPC - Joooid API</name>
	<author>Stefano Norcia</author>
	<creationDate>Dec 2009</creationDate>
	<copyright>(C) Stefano Norcia 2009 </copyright>
	<license>http://www.gnu.org/licenses/gpl-3.0.html GNU/GPL</license>
	<authorEmail>stefano.norcia@gmail.com</authorEmail>
	<authorUrl>www.joooid.com</authorUrl>
	<version>1.2.0</version>
	<description>XML-RPC plugin for Joooid the android client for Joomala</description>
	<files>
		<filename plugin="joooid">joooid.php</filename>
	</files>
	<languages>
		<language tag="en-GB">en-GB.plg_xmlrpc_joooid.ini</language>
	</languages>
	<params>
		<param name="paramname" type="category" default="defaultsetting" label="title" description="description"/>
	</params>

</install>