<?xml version="1.0" encoding="utf-8"?>
<extension version="1.6.0" type="package" overwrite="true" method="upgrade">
	<name>Joooid</name>
	<packagename>joooid</packagename>
	<author>Stefano Norcia</author>
	<authorEmail>stefano.norcia@gmail.com</authorEmail>
	<authorUrl>http://www.joooid.com</authorUrl>
	<packager>Joooid.com</packager>
	<packagerurl>http://www.joooid.com</packagerurl>
	<creationDate>June 2011</creationDate>
	<copyright>Copyright (C) 2009 - 2011 Stefano Norcia.</copyright>
	<license>http://www.gnu.org/licenses/gpl-2.0.html GNU/GPL</license>
	<version>1.2.0</version>
	<description>Package Joooid</description>
	<files>
		<file id="com_joooid" type="component">com_joooid.zip</file>
		<file id="joooid" type="plugin" group="xmlrpc">plg_xmlrpc_joooid.zip</file>
		<file id="rsd" type="plugin" group="system">plg_system_rsd.zip</file>
	</files>
</extension>
