<?xml version="1.0" encoding="utf-8" ?>
<dwsync>
<file name="searchbox_bg.png" server="C:/xampp/htdocs/156/" local="129251749840000000" remote="129251749840000000" />
<file name="magnifier_icon.png" server="C:/xampp/htdocs/156/" local="129251749840000000" remote="129251749840000000" />
<file name="close_icon.png" server="C:/xampp/htdocs/156/" local="129251749840000000" remote="129251749840000000" />
<file name="resultbox_bl.png" server="C:/xampp/htdocs/156/" local="129251749840000000" remote="129251749840000000" />
<file name="resultbox_br.png" server="C:/xampp/htdocs/156/" local="129251749840000000" remote="129251749840000000" />
<file name="resultbox_b.png" server="C:/xampp/htdocs/156/" local="129251749840000000" remote="129251749840000000" />
<file name="more_icon.png" server="C:/xampp/htdocs/156/" local="129251749840000000" remote="129251749840000000" />
<file name="header_bg.png" server="C:/xampp/htdocs/156/" local="129251749840000000" remote="129251749840000000" />
</dwsync>